#INFO,Version=0.0.2,Template= eBay-draft-listings-template_US,,,,,,,,
#INFO,,,,,,,,,,
Action(SiteID=US|Country=US|Currency=USD|Version=1193|CC=UTF-8),Custom label (SKU),Category ID,Title,UPC,Price,Quantity,Item photo URL,Condition ID,Description,Format
Draft,A2,183454,Iono's Kilowattrel 163/159 Illustration Rare Journey Together Pokemon Near Mint,,3.89,1,https://raw.githubusercontent.com/lamontagnematthew-ux/card-uploader/main/photos/a2/kilowattrel-front.jpg|https://raw.githubusercontent.com/lamontagnematthew-ux/card-uploader/main/photos/a2/kilowattrel-back.jpg,4000,"Iono's Kilowattrel 163/159 Illustration Rare Journey Together Pokemon Near Mint. English, ungraded, Near Mint. Ships in a penny sleeve and toploader. Photos show the exact card you will receive. Combined shipping available.",FixedPrice
Draft,A2,183454,Galarian Obstagoon 245/217 Illustration Rare Ascended Heroes Pokemon Near Mint,,3.49,1,https://raw.githubusercontent.com/lamontagnematthew-ux/card-uploader/main/photos/a2/obstagoon-front.jpg|https://raw.githubusercontent.com/lamontagnematthew-ux/card-uploader/main/photos/a2/obstagoon-back.jpg,4000,"Galarian Obstagoon 245/217 Illustration Rare Ascended Heroes Pokemon Near Mint. English, ungraded, Near Mint. Ships in a penny sleeve and toploader. Photos show the exact card you will receive. Combined shipping available.",FixedPrice
Draft,A2,183454,Popplio MEP 045 Promo Mega Evolution Promo Pokemon Near Mint,,9.19,1,https://raw.githubusercontent.com/lamontagnematthew-ux/card-uploader/main/photos/a2/popplio-front.jpg|https://raw.githubusercontent.com/lamontagnematthew-ux/card-uploader/main/photos/a2/popplio-back.jpg,4000,"Popplio MEP 045 Promo Mega Evolution Promo Pokemon Near Mint. English, ungraded, Near Mint. Ships in a penny sleeve and toploader. Photos show the exact card you will receive. Combined shipping available.",FixedPrice
Draft,A2,183454,Switch 95/102 Common Base Set 1999 Pokemon Trainer Near Mint,,2.99,1,https://raw.githubusercontent.com/lamontagnematthew-ux/card-uploader/main/photos/a2/switch-front.jpg|https://raw.githubusercontent.com/lamontagnematthew-ux/card-uploader/main/photos/a2/switch-back.jpg,4000,"Switch 95/102 Common Base Set 1999 Pokemon Trainer Near Mint. English, ungraded, Near Mint. Ships in a penny sleeve and toploader. Photos show the exact card you will receive. Combined shipping available.",FixedPrice
Draft,A2,183454,Zamazenta V 105/172 Holo Rare V Brilliant Stars Pokemon Near Mint,,1.79,1,https://raw.githubusercontent.com/lamontagnematthew-ux/card-uploader/main/photos/a2/zamazenta-front.jpg|https://raw.githubusercontent.com/lamontagnematthew-ux/card-uploader/main/photos/a2/zamazenta-back.jpg,4000,"Zamazenta V 105/172 Holo Rare V Brilliant Stars Pokemon Near Mint. English, ungraded, Near Mint. Ships in a penny sleeve and toploader. Photos show the exact card you will receive. Combined shipping available.",FixedPrice
Draft,A2,183454,Talonflame 091/088 Illustration Rare Perfect Order Pokemon Near Mint,,2.49,1,https://raw.githubusercontent.com/lamontagnematthew-ux/card-uploader/main/photos/a2/talonflame-front.jpg|https://raw.githubusercontent.com/lamontagnematthew-ux/card-uploader/main/photos/a2/talonflame-back.jpg,4000,"Talonflame 091/088 Illustration Rare Perfect Order Pokemon Near Mint. English, ungraded, Near Mint. Ships in a penny sleeve and toploader. Photos show the exact card you will receive. Combined shipping available.",FixedPrice
Draft,A2,183454,Mega Floette ex 101/086 Ultra Rare Chaos Rising Pokemon Near Mint,,3.59,2,https://raw.githubusercontent.com/lamontagnematthew-ux/card-uploader/main/photos/a2/floette-front.jpg|https://raw.githubusercontent.com/lamontagnematthew-ux/card-uploader/main/photos/a2/floette-back.jpg,4000,"Mega Floette ex 101/086 Ultra Rare Chaos Rising Pokemon Near Mint. English, ungraded, Near Mint. Ships in a penny sleeve and toploader. Photos show the exact card you will receive. Combined shipping available.",FixedPrice
